{"info":{"year":"2024","version":"1","description":"Exported from roboflow.com","contributor":"","url":"https://public.roboflow.com/object-detection/undefined","date_created":"2024-05-10T15:38:54+00:00"},"licenses":[{"id":1,"url":"https://creativecommons.org/licenses/by/4.0/","name":"CC BY 4.0"}],"categories":[{"id":0,"name":"stuff","supercategory":"none"},{"id":1,"name":"coin","supercategory":"stuff"}],"images":[{"id":0,"license":1,"file_name":"IMG_20240510_161810_jpg.rf.0ddd0be443cf63c758a49c60918f2ba5.jpg","height":640,"width":640,"date_captured":"2024-05-10T15:38:54+00:00","extra":{"user_tags":["coin"]}},{"id":1,"license":1,"file_name":"IMG_20240510_161841_jpg.rf.0dfbc24a9eabd981bcdd0fef2f722229.jpg","height":640,"width":640,"date_captured":"2024-05-10T15:38:54+00:00","extra":{"user_tags":["coin"]}},{"id":2,"license":1,"file_name":"IMG_20240510_161824_jpg.rf.018e640ecdaacb5e46a805ab03a7cc62.jpg","height":640,"width":640,"date_captured":"2024-05-10T15:38:54+00:00","extra":{"user_tags":["coin"]}},{"id":3,"license":1,"file_name":"IMG_4747_JPG.rf.00eb85216d3f2a8b108ae6450055e367.jpg","height":640,"width":640,"date_captured":"2024-05-10T15:38:54+00:00","extra":{"user_tags":["coin"]}},{"id":4,"license":1,"file_name":"20240510_161032_jpg.rf.06e20d0b77055b2c60b5559ea1446036.jpg","height":640,"width":640,"date_captured":"2024-05-10T15:38:54+00:00","extra":{"user_tags":["coin"]}},{"id":5,"license":1,"file_name":"IMG_4773_JPG.rf.00e4488900e43427e9687e5ee551f87d.jpg","height":640,"width":640,"date_captured":"2024-05-10T15:38:54+00:00","extra":{"user_tags":["coin"]}},{"id":6,"license":1,"file_name":"IMG_20240510_161217_jpg.rf.0b65795941c31cc7f5943f3c6b9899b3.jpg","height":640,"width":640,"date_captured":"2024-05-10T15:38:54+00:00","extra":{"user_tags":["coin"]}},{"id":7,"license":1,"file_name":"IMG_20240510_161215_jpg.rf.063469842b45eef761e655604cf72b55.jpg","height":640,"width":640,"date_captured":"2024-05-10T15:38:54+00:00","extra":{"user_tags":["coin"]}},{"id":8,"license":1,"file_name":"IMG_4740_JPG.rf.490be62b4150bc7f24bd924a5760f085.jpg","height":640,"width":640,"date_captured":"2024-05-10T15:38:54+00:00","extra":{"user_tags":["coin"]}},{"id":9,"license":1,"file_name":"IMG_20240510_161356_jpg.rf.242696a67768ba4b483eb4cf2cb83586.jpg","height":640,"width":640,"date_captured":"2024-05-10T15:38:54+00:00","extra":{"user_tags":["coin"]}},{"id":10,"license":1,"file_name":"IMG_4757_JPG.rf.258df19a8540d08f0bf5879330a8d6f7.jpg","height":640,"width":640,"date_captured":"2024-05-10T15:38:54+00:00","extra":{"user_tags":["coin"]}},{"id":11,"license":1,"file_name":"IMG_4782_JPG.rf.51200b00c88a9bd0b4df4b211e2cf3c9.jpg","height":640,"width":640,"date_captured":"2024-05-10T15:38:54+00:00","extra":{"user_tags":["coin"]}},{"id":12,"license":1,"file_name":"20240510_161632_jpg.rf.11f39e48af05f52b3c3d0a8062e580a0.jpg","height":640,"width":640,"date_captured":"2024-05-10T15:38:54+00:00","extra":{"user_tags":["coin"]}},{"id":13,"license":1,"file_name":"IMG_20240510_161921_jpg.rf.3fd2c6a620dbd9157b9535f125a90cb1.jpg","height":640,"width":640,"date_captured":"2024-05-10T15:38:54+00:00","extra":{"user_tags":["coin"]}},{"id":14,"license":1,"file_name":"IMG_20240510_161049_jpg.rf.35debf43d67621822d754d1fa7f02a0d.jpg","height":640,"width":640,"date_captured":"2024-05-10T15:38:54+00:00","extra":{"user_tags":["coin"]}},{"id":15,"license":1,"file_name":"IMG_4736_JPG.rf.14df49f71c167b2f0b3ec41dee88318f.jpg","height":640,"width":640,"date_captured":"2024-05-10T15:38:54+00:00","extra":{"user_tags":["coin"]}},{"id":16,"license":1,"file_name":"IMG_20240510_162254_jpg.rf.187a613011fc9e5b8dfd6bcf5cd9e72a.jpg","height":640,"width":640,"date_captured":"2024-05-10T15:38:54+00:00","extra":{"user_tags":["coin"]}},{"id":17,"license":1,"file_name":"IMG_4766_JPG.rf.227f838ac3a19879c9f20b74de6d133a.jpg","height":640,"width":640,"date_captured":"2024-05-10T15:38:54+00:00","extra":{"user_tags":["coin"]}},{"id":18,"license":1,"file_name":"IMG_20240510_161406_jpg.rf.3582ad9b7c92005ba05017379ea0bdbb.jpg","height":640,"width":640,"date_captured":"2024-05-10T15:38:54+00:00","extra":{"user_tags":["coin"]}},{"id":19,"license":1,"file_name":"20240510_161858_jpg.rf.318ef6b7dd255c4aedba71532fd1730d.jpg","height":640,"width":640,"date_captured":"2024-05-10T15:38:54+00:00","extra":{"user_tags":["coin"]}},{"id":20,"license":1,"file_name":"20240510_161341_jpg.rf.2a5c11a78e975ebe14cdf9a4cbfb8eae.jpg","height":640,"width":640,"date_captured":"2024-05-10T15:38:54+00:00","extra":{"user_tags":["coin"]}},{"id":21,"license":1,"file_name":"IMG_20240510_162229_jpg.rf.53ae504e1692d542bcc59984f247d4ae.jpg","height":640,"width":640,"date_captured":"2024-05-10T15:38:54+00:00","extra":{"user_tags":["coin"]}},{"id":22,"license":1,"file_name":"IMG_4777_JPG.rf.2413207ed22820b90fa6b6475e27e5f6.jpg","height":640,"width":640,"date_captured":"2024-05-10T15:38:54+00:00","extra":{"user_tags":["coin"]}},{"id":23,"license":1,"file_name":"IMG_4781_JPG.rf.510a4db0f961e92dd4f1e2bbcf778fcb.jpg","height":640,"width":640,"date_captured":"2024-05-10T15:38:54+00:00","extra":{"user_tags":["coin"]}},{"id":24,"license":1,"file_name":"IMG_4764_JPG.rf.39511293809259e3c7f00058ba71b497.jpg","height":640,"width":640,"date_captured":"2024-05-10T15:38:54+00:00","extra":{"user_tags":["coin"]}},{"id":25,"license":1,"file_name":"IMG_4754_JPG.rf.4944507878a35d1c7cac8a5d0688c2ef.jpg","height":640,"width":640,"date_captured":"2024-05-10T15:38:54+00:00","extra":{"user_tags":["coin"]}},{"id":26,"license":1,"file_name":"IMG_20240510_161055_jpg.rf.5da7c142f0786179934cb85a3301fbe5.jpg","height":640,"width":640,"date_captured":"2024-05-10T15:38:54+00:00","extra":{"user_tags":["coin"]}},{"id":27,"license":1,"file_name":"IMG_4767_JPG.rf.64e98a0f437ddd3a8b973c8038ceee51.jpg","height":640,"width":640,"date_captured":"2024-05-10T15:38:54+00:00","extra":{"user_tags":["coin"]}},{"id":28,"license":1,"file_name":"20240510_161227_jpg.rf.612d47ecaae5807a9861ae3becf86e7f.jpg","height":640,"width":640,"date_captured":"2024-05-10T15:38:54+00:00","extra":{"user_tags":["coin"]}},{"id":29,"license":1,"file_name":"IMG_4776_JPG.rf.673ddc00f24ed88c229e5525710ae411.jpg","height":640,"width":640,"date_captured":"2024-05-10T15:38:54+00:00","extra":{"user_tags":["coin"]}},{"id":30,"license":1,"file_name":"IMG_20240510_161635_jpg.rf.636e967232bd6664be74b17c5aba0c7f.jpg","height":640,"width":640,"date_captured":"2024-05-10T15:38:54+00:00","extra":{"user_tags":["coin"]}},{"id":31,"license":1,"file_name":"IMG_4751_JPG.rf.62f204391458a661ac2f35f587383fca.jpg","height":640,"width":640,"date_captured":"2024-05-10T15:38:54+00:00","extra":{"user_tags":["coin"]}},{"id":32,"license":1,"file_name":"20240510_161835_jpg.rf.67a5c9e2f2d6ec2ed3e715d7df5e11dd.jpg","height":640,"width":640,"date_captured":"2024-05-10T15:38:54+00:00","extra":{"user_tags":["coin"]}},{"id":33,"license":1,"file_name":"IMG_20240510_161501_jpg.rf.770a5cc091cfccab6c44ea0173064a98.jpg","height":640,"width":640,"date_captured":"2024-05-10T15:38:54+00:00","extra":{"user_tags":["coin"]}},{"id":34,"license":1,"file_name":"20240510_161939_jpg.rf.69dac223b4c72fd55381a8bcbca22e74.jpg","height":640,"width":640,"date_captured":"2024-05-10T15:38:54+00:00","extra":{"user_tags":["coin"]}},{"id":35,"license":1,"file_name":"IMG_20240510_161127_jpg.rf.6bcac44aba1bac8ee7214866cfdab6bc.jpg","height":640,"width":640,"date_captured":"2024-05-10T15:38:54+00:00","extra":{"user_tags":["coin"]}},{"id":36,"license":1,"file_name":"IMG_4738_JPG.rf.79aa6fa4d0f94c7cebdb200bbbeb8a57.jpg","height":640,"width":640,"date_captured":"2024-05-10T15:38:54+00:00","extra":{"user_tags":["coin"]}},{"id":37,"license":1,"file_name":"IMG_4729_JPG.rf.7dc15acebfc097bed4a7f46cbc124548.jpg","height":640,"width":640,"date_captured":"2024-05-10T15:38:54+00:00","extra":{"user_tags":["coin"]}},{"id":38,"license":1,"file_name":"IMG_4780_JPG.rf.7423463816ed404fdcc46b6937c58c49.jpg","height":640,"width":640,"date_captured":"2024-05-10T15:38:54+00:00","extra":{"user_tags":["coin"]}},{"id":39,"license":1,"file_name":"IMG_20240510_161649_jpg.rf.774311f740c5e816e9de5eaf3e405df1.jpg","height":640,"width":640,"date_captured":"2024-05-10T15:38:54+00:00","extra":{"user_tags":["coin"]}},{"id":40,"license":1,"file_name":"IMG_20240510_161551_jpg.rf.830fa50958f14859507906f9e7c5ed76.jpg","height":640,"width":640,"date_captured":"2024-05-10T15:38:54+00:00","extra":{"user_tags":["coin"]}},{"id":41,"license":1,"file_name":"IMG_4735_JPG.rf.9655e888b1d289bddb658668c2fd1e6c.jpg","height":640,"width":640,"date_captured":"2024-05-10T15:38:54+00:00","extra":{"user_tags":["coin"]}},{"id":42,"license":1,"file_name":"IMG_20240510_161818_jpg.rf.6ca6c174fb0ab3c8e5ab67de266ba7ab.jpg","height":640,"width":640,"date_captured":"2024-05-10T15:38:54+00:00","extra":{"user_tags":["coin"]}},{"id":43,"license":1,"file_name":"IMG_4759_JPG.rf.7e6abe1adea894bdbc900f9ec6b93374.jpg","height":640,"width":640,"date_captured":"2024-05-10T15:38:54+00:00","extra":{"user_tags":["coin"]}},{"id":44,"license":1,"file_name":"20240510_161422_jpg.rf.81b9ff9902cc96c0729f51c582ee92c0.jpg","height":640,"width":640,"date_captured":"2024-05-10T15:38:54+00:00","extra":{"user_tags":["coin"]}},{"id":45,"license":1,"file_name":"20240510_161636_jpg.rf.83745005423adab4ed511490b0fa34cf.jpg","height":640,"width":640,"date_captured":"2024-05-10T15:38:54+00:00","extra":{"user_tags":["coin"]}},{"id":46,"license":1,"file_name":"IMG_4783_JPG.rf.785d753ed07567cbb0b202bfcab324c5.jpg","height":640,"width":640,"date_captured":"2024-05-10T15:38:54+00:00","extra":{"user_tags":["coin"]}},{"id":47,"license":1,"file_name":"20240510_161220_jpg.rf.7f6b8c818ea360c25d9a8180a8686b91.jpg","height":640,"width":640,"date_captured":"2024-05-10T15:38:54+00:00","extra":{"user_tags":["coin"]}},{"id":48,"license":1,"file_name":"IMG_4731_JPG.rf.8e47de21faf5e2cefd76cdaaa104d1d3.jpg","height":640,"width":640,"date_captured":"2024-05-10T15:38:54+00:00","extra":{"user_tags":["coin"]}},{"id":49,"license":1,"file_name":"IMG_20240510_161638_jpg.rf.8e58bca59a8bfd966b594610af6ce7ee.jpg","height":640,"width":640,"date_captured":"2024-05-10T15:38:54+00:00","extra":{"user_tags":["coin"]}},{"id":50,"license":1,"file_name":"IMG_4755_JPG.rf.7150abf4459adabeb4d36a8d0ec6497c.jpg","height":640,"width":640,"date_captured":"2024-05-10T15:38:54+00:00","extra":{"user_tags":["coin"]}},{"id":51,"license":1,"file_name":"IMG_20240510_162000_jpg.rf.9173d280c2ddb4649a9199d4fe407a4d.jpg","height":640,"width":640,"date_captured":"2024-05-10T15:38:54+00:00","extra":{"user_tags":["coin"]}},{"id":52,"license":1,"file_name":"20240510_161325_jpg.rf.00bc8915a811fa41a07a1dcb64f0be48.jpg","height":640,"width":640,"date_captured":"2024-05-10T15:38:54+00:00","extra":{"user_tags":["coin"]}},{"id":53,"license":1,"file_name":"IMG_4742_JPG.rf.6f9c5b72b6205726e9ecd8f5a6c2a8f2.jpg","height":640,"width":640,"date_captured":"2024-05-10T15:38:54+00:00","extra":{"user_tags":["coin"]}},{"id":54,"license":1,"file_name":"IMG_4761_JPG.rf.923fadca4e528ef1b03ac7c51b937811.jpg","height":640,"width":640,"date_captured":"2024-05-10T15:38:54+00:00","extra":{"user_tags":["coin"]}},{"id":55,"license":1,"file_name":"IMG_4730_JPG.rf.96bff76da6bef83bf49e039c50707b4d.jpg","height":640,"width":640,"date_captured":"2024-05-10T15:38:54+00:00","extra":{"user_tags":["coin"]}},{"id":56,"license":1,"file_name":"IMG_4765_JPG.rf.74432143eb937bd7e560834a0ec03753.jpg","height":640,"width":640,"date_captured":"2024-05-10T15:38:54+00:00","extra":{"user_tags":["coin"]}},{"id":57,"license":1,"file_name":"IMG_4778_JPG.rf.9b5a5d2dcef152e64bd1befe6657e95e.jpg","height":640,"width":640,"date_captured":"2024-05-10T15:38:54+00:00","extra":{"user_tags":["coin"]}},{"id":58,"license":1,"file_name":"20240510_161247_jpg.rf.98e0500dc76f89a938c29c74a6287f4e.jpg","height":640,"width":640,"date_captured":"2024-05-10T15:38:54+00:00","extra":{"user_tags":["coin"]}},{"id":59,"license":1,"file_name":"IMG_20240510_162236_jpg.rf.9accaae0a9e9bf9edc6ce3dd0b420966.jpg","height":640,"width":640,"date_captured":"2024-05-10T15:38:54+00:00","extra":{"user_tags":["coin"]}},{"id":60,"license":1,"file_name":"20240510_162053_jpg.rf.98455e2905184e7e25a64a236ef855c1.jpg","height":640,"width":640,"date_captured":"2024-05-10T15:38:54+00:00","extra":{"user_tags":["coin"]}},{"id":61,"license":1,"file_name":"IMG_4779_JPG.rf.9c4d189406923f39fdbed8463dbc3a23.jpg","height":640,"width":640,"date_captured":"2024-05-10T15:38:54+00:00","extra":{"user_tags":["coin"]}},{"id":62,"license":1,"file_name":"20240510_161049_jpg.rf.97a5b55c123089ef221098224eb2fadb.jpg","height":640,"width":640,"date_captured":"2024-05-10T15:38:54+00:00","extra":{"user_tags":["coin"]}},{"id":63,"license":1,"file_name":"IMG_4752_JPG.rf.9da7865cd0aeb12cd68dcdf174693cf4.jpg","height":640,"width":640,"date_captured":"2024-05-10T15:38:54+00:00","extra":{"user_tags":["coin"]}},{"id":64,"license":1,"file_name":"20240510_161255_jpg.rf.9bd7de78f2abfd687bf8ec4405ad01f7.jpg","height":640,"width":640,"date_captured":"2024-05-10T15:38:54+00:00","extra":{"user_tags":["coin"]}},{"id":65,"license":1,"file_name":"IMG_4734_JPG.rf.9f83b68713c2eeb7e5f3fa5eb0b776f2.jpg","height":640,"width":640,"date_captured":"2024-05-10T15:38:54+00:00","extra":{"user_tags":["coin"]}},{"id":66,"license":1,"file_name":"IMG_4746_JPG.rf.9e768175dc25013e3e21724293755019.jpg","height":640,"width":640,"date_captured":"2024-05-10T15:38:54+00:00","extra":{"user_tags":["coin"]}},{"id":67,"license":1,"file_name":"IMG_4733_JPG.rf.a097e2547e7bfa95070ff47edc1ea27f.jpg","height":640,"width":640,"date_captured":"2024-05-10T15:38:54+00:00","extra":{"user_tags":["coin"]}},{"id":68,"license":1,"file_name":"IMG_4760_JPG.rf.9e69f064fe7000f199f11f4ac492a492.jpg","height":640,"width":640,"date_captured":"2024-05-10T15:38:54+00:00","extra":{"user_tags":["coin"]}},{"id":69,"license":1,"file_name":"IMG_20240510_161703_jpg.rf.b545c9e0b6f2d5a54683f23a99b3e005.jpg","height":640,"width":640,"date_captured":"2024-05-10T15:38:54+00:00","extra":{"user_tags":["coin"]}},{"id":70,"license":1,"file_name":"IMG_4774_JPG.rf.b5c71171bf9e77b34708148bbad52950.jpg","height":640,"width":640,"date_captured":"2024-05-10T15:38:54+00:00","extra":{"user_tags":["coin"]}},{"id":71,"license":1,"file_name":"IMG_20240510_162300_jpg.rf.9c18de4685265c80f1d5e39bca5e41d0.jpg","height":640,"width":640,"date_captured":"2024-05-10T15:38:54+00:00","extra":{"user_tags":["coin"]}},{"id":72,"license":1,"file_name":"20240510_161647_jpg.rf.a42f64c94b2946f705d323a31b54e42d.jpg","height":640,"width":640,"date_captured":"2024-05-10T15:38:54+00:00","extra":{"user_tags":["coin"]}},{"id":73,"license":1,"file_name":"IMG_4784_JPG.rf.ac5159430ad8c6aecdfcba666981a50f.jpg","height":640,"width":640,"date_captured":"2024-05-10T15:38:54+00:00","extra":{"user_tags":["coin"]}},{"id":74,"license":1,"file_name":"IMG_20240510_161608_jpg.rf.b703458e2b533e578541cd6781c8c2ee.jpg","height":640,"width":640,"date_captured":"2024-05-10T15:38:54+00:00","extra":{"user_tags":["coin"]}},{"id":75,"license":1,"file_name":"20240510_161900_jpg.rf.a12b5bdf2c92f2f45f9d088e1c165a2c.jpg","height":640,"width":640,"date_captured":"2024-05-10T15:38:54+00:00","extra":{"user_tags":["coin"]}},{"id":76,"license":1,"file_name":"20240510_161806_jpg.rf.aa77ae474746668a719a1ff1f076baeb.jpg","height":640,"width":640,"date_captured":"2024-05-10T15:38:54+00:00","extra":{"user_tags":["coin"]}},{"id":77,"license":1,"file_name":"IMG_20240510_161556_jpg.rf.c212ba531820e64f955cea5dbb7101e4.jpg","height":640,"width":640,"date_captured":"2024-05-10T15:38:54+00:00","extra":{"user_tags":["coin"]}},{"id":78,"license":1,"file_name":"20240510_162051_jpg.rf.a68c4d70d7f05c5bdfcdeb835b981510.jpg","height":640,"width":640,"date_captured":"2024-05-10T15:38:54+00:00","extra":{"user_tags":["coin"]}},{"id":79,"license":1,"file_name":"20240510_161029_jpg.rf.b58468bdc84bcbff130118ec9a6ddbcc.jpg","height":640,"width":640,"date_captured":"2024-05-10T15:38:54+00:00","extra":{"user_tags":["coin"]}},{"id":80,"license":1,"file_name":"IMG_20240510_161949_jpg.rf.bc24f8db7685ef3eeb354b72653ce049.jpg","height":640,"width":640,"date_captured":"2024-05-10T15:38:54+00:00","extra":{"user_tags":["coin"]}},{"id":81,"license":1,"file_name":"IMG_20240510_161753_jpg.rf.cb4e1ce5d2bb11fd4f342fec2206afc1.jpg","height":640,"width":640,"date_captured":"2024-05-10T15:38:54+00:00","extra":{"user_tags":["coin"]}},{"id":82,"license":1,"file_name":"IMG_20240510_161549_jpg.rf.bd04aa66f9bc1a75bbd35c8fa9ddeeb4.jpg","height":640,"width":640,"date_captured":"2024-05-10T15:38:54+00:00","extra":{"user_tags":["coin"]}},{"id":83,"license":1,"file_name":"IMG_20240510_161453_jpg.rf.c0707d6b760d408cdd30cf24ec0b0ec0.jpg","height":640,"width":640,"date_captured":"2024-05-10T15:38:54+00:00","extra":{"user_tags":["coin"]}},{"id":84,"license":1,"file_name":"IMG_4771_JPG.rf.bb919a1931537f92a7486f1a884136fe.jpg","height":640,"width":640,"date_captured":"2024-05-10T15:38:54+00:00","extra":{"user_tags":["coin"]}},{"id":85,"license":1,"file_name":"IMG_20240510_161838_jpg.rf.b236a8c6df362fa38fa80eb959f1bf78.jpg","height":640,"width":640,"date_captured":"2024-05-10T15:38:54+00:00","extra":{"user_tags":["coin"]}},{"id":86,"license":1,"file_name":"20240510_161746_jpg.rf.a40daa7ac761f3d29578c10d5c71ebb2.jpg","height":640,"width":640,"date_captured":"2024-05-10T15:38:54+00:00","extra":{"user_tags":["coin"]}},{"id":87,"license":1,"file_name":"IMG_20240510_161104_jpg.rf.c5ae7d335663ecf9395922bb00b2224c.jpg","height":640,"width":640,"date_captured":"2024-05-10T15:38:54+00:00","extra":{"user_tags":["coin"]}},{"id":88,"license":1,"file_name":"IMG_20240510_161443_jpg.rf.cff7c870b8bfacd072d7f0253e27cf27.jpg","height":640,"width":640,"date_captured":"2024-05-10T15:38:54+00:00","extra":{"user_tags":["coin"]}},{"id":89,"license":1,"file_name":"IMG_4758_JPG.rf.c71f1de134d4021b2b4d86afa01cda79.jpg","height":640,"width":640,"date_captured":"2024-05-10T15:38:54+00:00","extra":{"user_tags":["coin"]}},{"id":90,"license":1,"file_name":"IMG_20240510_161234_jpg.rf.d4995713202781a06f2cd1aa5640adba.jpg","height":640,"width":640,"date_captured":"2024-05-10T15:38:54+00:00","extra":{"user_tags":["coin"]}},{"id":91,"license":1,"file_name":"IMG_4756_JPG.rf.dd0252591eacb2d68bf9bea34c5d4d80.jpg","height":640,"width":640,"date_captured":"2024-05-10T15:38:54+00:00","extra":{"user_tags":["coin"]}},{"id":92,"license":1,"file_name":"IMG_20240510_161200_jpg.rf.cb811be0142ab8c45e9e3e0cacb9e869.jpg","height":640,"width":640,"date_captured":"2024-05-10T15:38:54+00:00","extra":{"user_tags":["coin"]}},{"id":93,"license":1,"file_name":"20240510_161411_jpg.rf.d623e167b834b49518cb014ec215f08e.jpg","height":640,"width":640,"date_captured":"2024-05-10T15:38:54+00:00","extra":{"user_tags":["coin"]}},{"id":94,"license":1,"file_name":"20240510_161933_jpg.rf.d56b45d724cec02d01e57a9b4dedd25d.jpg","height":640,"width":640,"date_captured":"2024-05-10T15:38:54+00:00","extra":{"user_tags":["coin"]}},{"id":95,"license":1,"file_name":"20240510_161840_jpg.rf.d1110ebde37cbc0aca545f0e6646c37b.jpg","height":640,"width":640,"date_captured":"2024-05-10T15:38:54+00:00","extra":{"user_tags":["coin"]}},{"id":96,"license":1,"file_name":"IMG_20240510_161947_jpg.rf.d445e456814aeb78178492d55ec0787f.jpg","height":640,"width":640,"date_captured":"2024-05-10T15:38:54+00:00","extra":{"user_tags":["coin"]}},{"id":97,"license":1,"file_name":"20240510_161243_jpg.rf.e2e57e1612dacf868815ea1d032d80ac.jpg","height":640,"width":640,"date_captured":"2024-05-10T15:38:54+00:00","extra":{"user_tags":["coin"]}},{"id":98,"license":1,"file_name":"IMG_20240510_161039_jpg.rf.f0cacb56c9702f88e3eb8fb3916c5bf4.jpg","height":640,"width":640,"date_captured":"2024-05-10T15:38:54+00:00","extra":{"user_tags":["coin"]}},{"id":99,"license":1,"file_name":"IMG_4749_JPG.rf.f87070aa0d14f3d5668dd6f1c668c8fa.jpg","height":640,"width":640,"date_captured":"2024-05-10T15:38:54+00:00","extra":{"user_tags":["coin"]}},{"id":100,"license":1,"file_name":"20240510_161603_jpg.rf.e4c6b4944316d30c0354fc4d3eadf1aa.jpg","height":640,"width":640,"date_captured":"2024-05-10T15:38:54+00:00","extra":{"user_tags":["coin"]}},{"id":101,"license":1,"file_name":"IMG_4753_JPG.rf.f29422523e2075ccaa097a5766862558.jpg","height":640,"width":640,"date_captured":"2024-05-10T15:38:54+00:00","extra":{"user_tags":["coin"]}},{"id":102,"license":1,"file_name":"IMG_4750_JPG.rf.e0f3b2dd40b02ed61f17c1e5caa89748.jpg","height":640,"width":640,"date_captured":"2024-05-10T15:38:54+00:00","extra":{"user_tags":["coin"]}},{"id":103,"license":1,"file_name":"IMG_4770_JPG.rf.f6f6c753785b126102c6a8831cc02b6c.jpg","height":640,"width":640,"date_captured":"2024-05-10T15:38:54+00:00","extra":{"user_tags":["coin"]}},{"id":104,"license":1,"file_name":"IMG_20240510_161855_jpg.rf.fe3ca59ead729240642e6fbc2bca35d7.jpg","height":640,"width":640,"date_captured":"2024-05-10T15:38:54+00:00","extra":{"user_tags":["coin"]}},{"id":105,"license":1,"file_name":"IMG_20240510_161400_jpg.rf.f8b1fd131ede6afc7091537b1542d757.jpg","height":640,"width":640,"date_captured":"2024-05-10T15:38:54+00:00","extra":{"user_tags":["coin"]}},{"id":106,"license":1,"file_name":"IMG_20240510_161220_jpg.rf.fed27fe397bde49dfafdfdb2ae05e4b4.jpg","height":640,"width":640,"date_captured":"2024-05-10T15:38:54+00:00","extra":{"user_tags":["coin"]}},{"id":107,"license":1,"file_name":"IMG_20240510_161651_jpg.rf.f1f592fe88c0d7459ac211479b38c3a5.jpg","height":640,"width":640,"date_captured":"2024-05-10T15:38:54+00:00","extra":{"user_tags":["coin"]}},{"id":108,"license":1,"file_name":"20240510_161750_jpg.rf.e161a19f1ed6a71880c520f74d02b185.jpg","height":640,"width":640,"date_captured":"2024-05-10T15:38:54+00:00","extra":{"user_tags":["coin"]}}],"annotations":[{"id":0,"image_id":0,"category_id":1,"bbox":[130,461,41.5,29],"area":1203.5,"segmentation":[],"iscrowd":0},{"id":1,"image_id":1,"category_id":1,"bbox":[477,79,37.5,25],"area":937.5,"segmentation":[],"iscrowd":0},{"id":2,"image_id":2,"category_id":1,"bbox":[0,171,135.5,91],"area":12330.5,"segmentation":[],"iscrowd":0},{"id":3,"image_id":3,"category_id":1,"bbox":[228,277,87,80],"area":6960,"segmentation":[],"iscrowd":0},{"id":4,"image_id":4,"category_id":1,"bbox":[205,422,22,42],"area":924,"segmentation":[],"iscrowd":0},{"id":5,"image_id":5,"category_id":1,"bbox":[323,326,40,31],"area":1240,"segmentation":[],"iscrowd":0},{"id":6,"image_id":6,"category_id":1,"bbox":[70,435,67,39],"area":2613,"segmentation":[],"iscrowd":0},{"id":7,"image_id":7,"category_id":1,"bbox":[291,348,70,41.5],"area":2905,"segmentation":[],"iscrowd":0},{"id":8,"image_id":8,"category_id":1,"bbox":[280,398,89,61],"area":5429,"segmentation":[],"iscrowd":0},{"id":9,"image_id":9,"category_id":1,"bbox":[315,512,58.5,43],"area":2515.5,"segmentation":[],"iscrowd":0},{"id":10,"image_id":10,"category_id":1,"bbox":[304,376,43.5,27],"area":1174.5,"segmentation":[],"iscrowd":0},{"id":11,"image_id":11,"category_id":1,"bbox":[293,161,222,145],"area":32190,"segmentation":[],"iscrowd":0},{"id":12,"image_id":12,"category_id":1,"bbox":[237,319,78.5,132],"area":10362,"segmentation":[],"iscrowd":0},{"id":13,"image_id":13,"category_id":1,"bbox":[300,511,87,114],"area":9918,"segmentation":[],"iscrowd":0},{"id":14,"image_id":14,"category_id":1,"bbox":[279,337,44.5,33.5],"area":1490.75,"segmentation":[],"iscrowd":0},{"id":15,"image_id":15,"category_id":1,"bbox":[238,350,81.5,62.5],"area":5093.75,"segmentation":[],"iscrowd":0},{"id":16,"image_id":16,"category_id":1,"bbox":[285,397,33,24],"area":792,"segmentation":[],"iscrowd":0},{"id":17,"image_id":17,"category_id":1,"bbox":[185,294,197,141.5],"area":27875.5,"segmentation":[],"iscrowd":0},{"id":18,"image_id":18,"category_id":1,"bbox":[265,342,30,16.5],"area":495,"segmentation":[],"iscrowd":0},{"id":19,"image_id":19,"category_id":1,"bbox":[69,328,28,50],"area":1400,"segmentation":[],"iscrowd":0},{"id":20,"image_id":20,"category_id":1,"bbox":[224,176,209.5,290],"area":60755,"segmentation":[],"iscrowd":0},{"id":21,"image_id":21,"category_id":1,"bbox":[238,439,35,26.5],"area":927.5,"segmentation":[],"iscrowd":0},{"id":22,"image_id":22,"category_id":1,"bbox":[285,323,100.5,63.5],"area":6381.75,"segmentation":[],"iscrowd":0},{"id":23,"image_id":23,"category_id":1,"bbox":[190,176,298.5,199],"area":59401.5,"segmentation":[],"iscrowd":0},{"id":24,"image_id":24,"category_id":1,"bbox":[237,340,210.5,163.5],"area":34416.75,"segmentation":[],"iscrowd":0},{"id":25,"image_id":25,"category_id":1,"bbox":[233,325,47.5,30],"area":1425,"segmentation":[],"iscrowd":0},{"id":26,"image_id":26,"category_id":1,"bbox":[318,300,91,72.5],"area":6597.5,"segmentation":[],"iscrowd":0},{"id":27,"image_id":27,"category_id":1,"bbox":[238,284,128,85],"area":10880,"segmentation":[],"iscrowd":0},{"id":28,"image_id":28,"category_id":1,"bbox":[275,446,61,110.5],"area":6740.5,"segmentation":[],"iscrowd":0},{"id":29,"image_id":29,"category_id":1,"bbox":[204,264,245.5,188],"area":46154,"segmentation":[],"iscrowd":0},{"id":30,"image_id":30,"category_id":1,"bbox":[214,394,14.5,10.5],"area":152.25,"segmentation":[],"iscrowd":0},{"id":31,"image_id":31,"category_id":1,"bbox":[300,340,67.5,48.5],"area":3273.75,"segmentation":[],"iscrowd":0},{"id":32,"image_id":32,"category_id":1,"bbox":[161,461,12,22],"area":264,"segmentation":[],"iscrowd":0},{"id":33,"image_id":33,"category_id":1,"bbox":[235,402,55.5,42],"area":2331,"segmentation":[],"iscrowd":0},{"id":34,"image_id":34,"category_id":1,"bbox":[86,454,36,64.5],"area":2322,"segmentation":[],"iscrowd":0},{"id":35,"image_id":35,"category_id":1,"bbox":[366,442,69,48],"area":3312,"segmentation":[],"iscrowd":0},{"id":36,"image_id":36,"category_id":1,"bbox":[296,369,105,78.5],"area":8242.5,"segmentation":[],"iscrowd":0},{"id":37,"image_id":37,"category_id":1,"bbox":[311,292,75,51],"area":3825,"segmentation":[],"iscrowd":0},{"id":38,"image_id":38,"category_id":1,"bbox":[395,317,44.5,30],"area":1335,"segmentation":[],"iscrowd":0},{"id":39,"image_id":39,"category_id":1,"bbox":[235,165,146.5,56.5],"area":8277.25,"segmentation":[],"iscrowd":0},{"id":40,"image_id":40,"category_id":1,"bbox":[205,366,37.5,28.5],"area":1068.75,"segmentation":[],"iscrowd":0},{"id":41,"image_id":41,"category_id":1,"bbox":[274,340,100.5,72],"area":7236,"segmentation":[],"iscrowd":0},{"id":42,"image_id":42,"category_id":1,"bbox":[451,449,146,80],"area":11680,"segmentation":[],"iscrowd":0},{"id":43,"image_id":43,"category_id":1,"bbox":[221,343,146,93.5],"area":13651,"segmentation":[],"iscrowd":0},{"id":44,"image_id":44,"category_id":1,"bbox":[60,474,18,27.5],"area":495,"segmentation":[],"iscrowd":0},{"id":45,"image_id":45,"category_id":1,"bbox":[180,461,91,159.5],"area":14514.5,"segmentation":[],"iscrowd":0},{"id":46,"image_id":46,"category_id":1,"bbox":[323,350,89,60.5],"area":5384.5,"segmentation":[],"iscrowd":0},{"id":47,"image_id":47,"category_id":1,"bbox":[256,347,60,107.5],"area":6450,"segmentation":[],"iscrowd":0},{"id":48,"image_id":48,"category_id":1,"bbox":[263,316,110,76],"area":8360,"segmentation":[],"iscrowd":0},{"id":49,"image_id":49,"category_id":1,"bbox":[423,333,17,11],"area":187,"segmentation":[],"iscrowd":0},{"id":50,"image_id":50,"category_id":1,"bbox":[169,388,173.5,128.5],"area":22294.75,"segmentation":[],"iscrowd":0},{"id":51,"image_id":51,"category_id":1,"bbox":[225,97,153.5,211],"area":32388.5,"segmentation":[],"iscrowd":0},{"id":52,"image_id":52,"category_id":1,"bbox":[117,137,253,412],"area":104236,"segmentation":[],"iscrowd":0},{"id":53,"image_id":53,"category_id":1,"bbox":[288,333,191.5,147.5],"area":28246.25,"segmentation":[],"iscrowd":0},{"id":54,"image_id":54,"category_id":1,"bbox":[241,330,139.5,96],"area":13392,"segmentation":[],"iscrowd":0},{"id":55,"image_id":55,"category_id":1,"bbox":[219,264,107,66.5],"area":7115.5,"segmentation":[],"iscrowd":0},{"id":56,"image_id":56,"category_id":1,"bbox":[217,317,114.5,82.5],"area":9446.25,"segmentation":[],"iscrowd":0},{"id":57,"image_id":57,"category_id":1,"bbox":[224,386,78.5,58],"area":4553,"segmentation":[],"iscrowd":0},{"id":58,"image_id":58,"category_id":1,"bbox":[303,305,39.5,61.5],"area":2429.25,"segmentation":[],"iscrowd":0},{"id":59,"image_id":59,"category_id":1,"bbox":[277,477,13,11.5],"area":149.5,"segmentation":[],"iscrowd":0},{"id":60,"image_id":60,"category_id":1,"bbox":[68,471,17.5,30.5],"area":533.75,"segmentation":[],"iscrowd":0},{"id":61,"image_id":61,"category_id":1,"bbox":[312,336,179,119],"area":21301,"segmentation":[],"iscrowd":0},{"id":62,"image_id":62,"category_id":1,"bbox":[263,190,96,192.5],"area":18480,"segmentation":[],"iscrowd":0},{"id":63,"image_id":63,"category_id":1,"bbox":[203,349,129,92],"area":11868,"segmentation":[],"iscrowd":0},{"id":64,"image_id":64,"category_id":1,"bbox":[242,269,67,117.5],"area":7872.5,"segmentation":[],"iscrowd":0},{"id":65,"image_id":65,"category_id":1,"bbox":[191,379,98.5,79.5],"area":7830.75,"segmentation":[],"iscrowd":0},{"id":66,"image_id":66,"category_id":1,"bbox":[192,280,254,170.5],"area":43307,"segmentation":[],"iscrowd":0},{"id":67,"image_id":67,"category_id":1,"bbox":[252,329,94,66.5],"area":6251,"segmentation":[],"iscrowd":0},{"id":68,"image_id":68,"category_id":1,"bbox":[270,395,49.5,32.5],"area":1608.75,"segmentation":[],"iscrowd":0},{"id":69,"image_id":69,"category_id":1,"bbox":[440,50,163,55.5],"area":9046.5,"segmentation":[],"iscrowd":0},{"id":70,"image_id":70,"category_id":1,"bbox":[229,309,103.5,71.5],"area":7400.25,"segmentation":[],"iscrowd":0},{"id":71,"image_id":71,"category_id":1,"bbox":[214,189,233.5,358.5],"area":83709.75,"segmentation":[],"iscrowd":0},{"id":72,"image_id":72,"category_id":1,"bbox":[520,460,87,150],"area":13050,"segmentation":[],"iscrowd":0},{"id":73,"image_id":73,"category_id":1,"bbox":[324,444,56,36.5],"area":2044,"segmentation":[],"iscrowd":0},{"id":74,"image_id":74,"category_id":1,"bbox":[121,274,133,88],"area":11704,"segmentation":[],"iscrowd":0},{"id":75,"image_id":75,"category_id":1,"bbox":[457,357,73.5,132.5],"area":9738.75,"segmentation":[],"iscrowd":0},{"id":76,"image_id":76,"category_id":1,"bbox":[380,408,24,42.5],"area":1020,"segmentation":[],"iscrowd":0},{"id":77,"image_id":77,"category_id":1,"bbox":[591,569,40,29.5],"area":1180,"segmentation":[],"iscrowd":0},{"id":78,"image_id":78,"category_id":1,"bbox":[358,396,16.5,29.5],"area":486.75,"segmentation":[],"iscrowd":0},{"id":79,"image_id":79,"category_id":1,"bbox":[295,292,26.5,42],"area":1113,"segmentation":[],"iscrowd":0},{"id":80,"image_id":80,"category_id":1,"bbox":[41,426,235,214],"area":50290,"segmentation":[],"iscrowd":0},{"id":81,"image_id":81,"category_id":1,"bbox":[366,369,40.5,22],"area":891,"segmentation":[],"iscrowd":0},{"id":82,"image_id":82,"category_id":1,"bbox":[196,418,39,28.5],"area":1111.5,"segmentation":[],"iscrowd":0},{"id":83,"image_id":83,"category_id":1,"bbox":[305,184,79,58],"area":4582,"segmentation":[],"iscrowd":0},{"id":84,"image_id":84,"category_id":1,"bbox":[128,333,78.5,63.5],"area":4984.75,"segmentation":[],"iscrowd":0},{"id":85,"image_id":85,"category_id":1,"bbox":[16,350,30.5,20.5],"area":625.25,"segmentation":[],"iscrowd":0},{"id":86,"image_id":86,"category_id":1,"bbox":[310,250,12,20],"area":240,"segmentation":[],"iscrowd":0},{"id":87,"image_id":87,"category_id":1,"bbox":[245,260,35,48],"area":1680,"segmentation":[],"iscrowd":0},{"id":88,"image_id":88,"category_id":1,"bbox":[252,266,148,111.5],"area":16502,"segmentation":[],"iscrowd":0},{"id":89,"image_id":89,"category_id":1,"bbox":[258,317,118.5,85],"area":10072.5,"segmentation":[],"iscrowd":0},{"id":90,"image_id":90,"category_id":1,"bbox":[89,348,53.5,40.5],"area":2166.75,"segmentation":[],"iscrowd":0},{"id":91,"image_id":91,"category_id":1,"bbox":[249,392,130,98.5],"area":12805,"segmentation":[],"iscrowd":0},{"id":92,"image_id":92,"category_id":1,"bbox":[305,300,37,22],"area":814,"segmentation":[],"iscrowd":0},{"id":93,"image_id":93,"category_id":1,"bbox":[279,322,37,63],"area":2331,"segmentation":[],"iscrowd":0},{"id":94,"image_id":94,"category_id":1,"bbox":[209,361,14.5,24],"area":348,"segmentation":[],"iscrowd":0},{"id":95,"image_id":95,"category_id":1,"bbox":[499,443,30.5,51],"area":1555.5,"segmentation":[],"iscrowd":0},{"id":96,"image_id":96,"category_id":1,"bbox":[264,54,215,293.5],"area":63102.5,"segmentation":[],"iscrowd":0},{"id":97,"image_id":97,"category_id":1,"bbox":[333,273,60.5,100],"area":6050,"segmentation":[],"iscrowd":0},{"id":98,"image_id":98,"category_id":1,"bbox":[295,309,67.5,68.5],"area":4623.75,"segmentation":[],"iscrowd":0},{"id":99,"image_id":99,"category_id":1,"bbox":[229,314,81.5,57],"area":4645.5,"segmentation":[],"iscrowd":0},{"id":100,"image_id":100,"category_id":1,"bbox":[237,335,80.5,143],"area":11511.5,"segmentation":[],"iscrowd":0},{"id":101,"image_id":101,"category_id":1,"bbox":[258,336,110,75.5],"area":8305,"segmentation":[],"iscrowd":0},{"id":102,"image_id":102,"category_id":1,"bbox":[238,347,174.5,131.5],"area":22946.75,"segmentation":[],"iscrowd":0},{"id":103,"image_id":103,"category_id":1,"bbox":[275,341,74,57],"area":4218,"segmentation":[],"iscrowd":0},{"id":104,"image_id":104,"category_id":1,"bbox":[309,330,27,34.5],"area":931.5,"segmentation":[],"iscrowd":0},{"id":105,"image_id":105,"category_id":1,"bbox":[294,353,17,9.5],"area":161.5,"segmentation":[],"iscrowd":0},{"id":106,"image_id":106,"category_id":1,"bbox":[52,65,80.5,43],"area":3461.5,"segmentation":[],"iscrowd":0},{"id":107,"image_id":107,"category_id":1,"bbox":[263,157,151,59],"area":8909,"segmentation":[],"iscrowd":0},{"id":108,"image_id":108,"category_id":1,"bbox":[95,230,36.5,62],"area":2263,"segmentation":[],"iscrowd":0}]}